CCN,REPORTDATETIME,SHIFT,OFFENSE,METHOD,LASTMODIFIEDDATE,BLOCKSITEADDRESS,BLOCKXCOORD,BLOCKYCOORD,WARD,ANC,DISTRICT,PSA,NEIGHBORHOODCLUSTER,BUSINESSIMPROVEMENTDISTRICT,BLOCK_GROUP,CENSUS_TRACT,VOTING_PRECINCT,START_DATE,END_DATE
4104147,4/16/2013 0:00,MIDNIGHT,HOMICIDE,KNIFE,8/7/2015 8:34,1500 - 1599 BLOCK OF 1ST STREET SW,398943,133729,6,6D,FIRST,105,9,,006400 2,6400,Precinct 127,7/27/2004 20:30,7/27/2004 20:30
5047867,6/5/2013 0:00,MIDNIGHT,SEX ABUSE,KNIFE,8/7/2015 8:32,6500  - 6599 BLOCK OF PINEY BRANCH ROAD NW,397769,144596,4,4B,FOURTH,402,17,,001901 4,1901,Precinct 59,4/15/2005 12:30,
7083463,7/8/2013 0:00,MIDNIGHT,SEX ABUSE,OTHERS,8/7/2015 8:32,1800 - 1810 BLOCK OF COLUMBIA ROAD NW,396275,139402,1,1C,THIRD,303,1,ADAMS MORGAN,004002 1,4002,Precinct 25,7/14/2007 15:00,
9172197,4/8/2013 0:00,MIDNIGHT,SEX ABUSE,OTHERS,8/7/2015 8:33,2322 - 2499 BLOCK OF ONTARIO ROAD NW,396518,139335,1,1C,THIRD,303,1,,003800 1,3800,Precinct 24,5/22/2009 13:00,5/22/2009 3:00
9251354,2/27/2013 0:00,MIDNIGHT,SEX ABUSE,OTHERS,8/7/2015 8:32,2500 - 2699 BLOCK OF VIRGINIA AVENUE NW,395232,136881,2,2A,SECOND,207,5,,005600 2,5600,Precinct 3,1/1/2009 14:05,1/1/2009 15:00
10028985,2/27/2013 0:00,MIDNIGHT,SEX ABUSE,OTHERS,8/7/2015 8:33,1800 - 2299 BLOCK OF NEW YORK AVENUE NE,402158.31,138824.53,5,5C,FIFTH,505,22,,011100 3,11100,Precinct 72,3/7/2010 2:30,3/7/2010 2:45
10033521,10/10/2013 0:00,MIDNIGHT,SEX ABUSE,OTHERS,8/7/2015 8:33,2800 - 2821 BLOCK OF PENNSYLVANIA AVENUE SE,402837,133810,7,7B,SIXTH,607,34,,007604 3,7604,Precinct 111,12/29/2008 20:00,12/29/2008 20:00
10124918,4/9/2013 0:00,MIDNIGHT,SEX ABUSE,OTHERS,8/7/2015 8:32,1 - 99 BLOCK OF DC VILLAGE LANE SW,398794,127300,8,8D,SEVENTH,708,,,010900 2,10900,Precinct 126,8/27/2010 17:00,
11010107,7/31/2013 0:00,MIDNIGHT,HOMICIDE,OTHERS,8/7/2015 8:33,3000 - 3099 BLOCK OF 7TH STREET NE,400331,140004,5,5E,FIFTH,502,21,,009201 1,9201,Precinct 74,1/23/2011 7:50,
11045512,1/31/2013 0:00,MIDNIGHT,HOMICIDE,GUN,8/7/2015 8:33,400 - 499 BLOCK OF BURBANK STREET SE,404939,135095,7,7F,SIXTH,603,33,,007703 2,7703,Precinct 103,4/5/2011 22:30,4/5/2011 22:32
11250281,7/8/2013 0:00,MIDNIGHT,SEX ABUSE,OTHERS,8/7/2015 8:32,116 - 221 BLOCK OF 44TH STREET NE,405274,136049,7,7D,SIXTH,602,33,,007803 4,7803,Precinct 99,5/12/2011 23:00,5/12/2011 23:15
12003591,1/9/2013 0:59,MIDNIGHT,THEFT/OTHER,OTHERS,8/7/2015 8:32,900 - 999 BLOCK OF RHODE ISLAND AVENUE NE,400594,139371,5,5C,FIFTH,505,22,,009102 2,9102,Precinct 72,1/9/2013 0:59,1/9/2013 0:59
12037530,3/23/2013 10:00,DAY,THEFT/OTHER,OTHERS,8/7/2015 8:32,5300 - 5399 BLOCK OF WISCONSIN AVENUE NW,392607,143559,3,3E,SECOND,202,11,,001001 1,1001,Precinct 31,3/20/2013 18:50,3/20/2013 21:00
12055744,8/19/2013 0:00,MIDNIGHT,SEX ABUSE,OTHERS,8/7/2015 8:33,1400 - 1499 BLOCK OF CHAPIN STREET NW,397088,139298,1,1B,THIRD,304,2,,003700 3,3700,Precinct 23,4/15/2012 1:00,4/15/2012 3:00
12058169,5/13/2013 0:00,MIDNIGHT,SEX ABUSE,OTHERS,8/7/2015 8:32,1900 - 1999 BLOCK OF 9TH STREET NW,397921.52,138712.81,1,1B,THIRD,305,3,,004400 2,4400,Precinct 137,4/29/2012 2:20,4/29/2012 2:20
12128314,9/10/2013 18:43,EVENING,BURGLARY,OTHERS,8/7/2015 8:33,200 - 299 BLOCK OF RHODE ISLAND AVENUE NW,398698,138541,1,1B,FIFTH,501,21,,003400 2,3400,Precinct 20,9/10/2013 18:43,9/10/2013 18:43
12139462,11/13/2013 0:00,MIDNIGHT,SEX ABUSE,OTHERS,8/7/2015 8:32,1000 - 1199 BLOCK OF 6TH STREET SW,398273,134400,6,6D,FIRST,105,9,,010200 2,10200,Precinct 142,9/30/2012 15:30,10/1/2012 4:00
12174206,8/26/2013 0:00,MIDNIGHT,SEX ABUSE,OTHERS,8/7/2015 8:33,2480 - 2599 BLOCK OF 16TH STREET NW,396835,139458,1,1C,THIRD,303,1,,003800 1,3800,Precinct 24,10/14/2012 0:01,10/14/2012 2:00
12182426,1/1/2013 0:15,MIDNIGHT,ROBBERY,GUN,8/7/2015 8:32,4700 - 4899 BLOCK OF C STREET SE,405689.07,135331.4355,7,7E,SIXTH,604,33,,009906 1,9906,Precinct 104,1/1/2013 0:15,1/1/2013 0:15
12182429,1/1/2013 0:50,MIDNIGHT,BURGLARY,OTHERS,8/7/2015 8:33,1200 - 1299 BLOCK OF G STREET NE,400930,136784,6,6A,FIRST,104,25,,008402 1,8402,Precinct 82,1/1/2013 0:30,1/1/2013 0:45
12182465,1/1/2013 0:18,MIDNIGHT,ROBBERY,GUN,8/7/2015 8:33,200 - 299 BLOCK OF 37TH PLACE SE,404182,135422,7,7F,SIXTH,603,32,,007703 3,7703,Precinct 107,1/1/2013 0:18,1/1/2013 0:18
12182466,1/1/2013 2:10,MIDNIGHT,THEFT F/AUTO,OTHERS,8/7/2015 8:33,3700 - 3841 BLOCK OF 9TH STREET SE,400504,129677,8,8E,SEVENTH,706,39,,009801 1,9801,Precinct 121,1/1/2013 1:00,1/1/2013 1:15
12182489,1/1/2013 1:28,MIDNIGHT,ASSAULT W/DANGEROUS WEAPON,KNIFE,8/7/2015 8:32,2900 - 2999 BLOCK OF 7TH STREET NE,400331,139898,5,5E,FIFTH,502,21,,009201 1,9201,Precinct 74,1/1/2013 1:15,1/1/2013 1:28
12182502,1/1/2013 3:00,MIDNIGHT,THEFT/OTHER,OTHERS,8/7/2015 8:32,1200 - 1299 BLOCK OF H STREET NE,400930,136927,6,6A,FIRST,104,25,,008402 1,8402,Precinct 82,12/31/2012 21:10,1/1/2013 1:30
12182505,1/1/2013 2:29,MIDNIGHT,ROBBERY,GUN,8/7/2015 8:32,7400  - 7499 BLOCK OF EASTERN AVENUE NW,398027,145959,4,4B,FOURTH,401,17,,,,Precinct 63,1/1/2013 2:25,1/1/2013 2:26
12182510,1/1/2013 2:24,MIDNIGHT,ASSAULT W/DANGEROUS WEAPON,KNIFE,8/7/2015 8:33,1400 - 1499 BLOCK OF M STREET NW,397095,137532,2,2F,SECOND,207,8,DOWNTOWN,010100 2,10100,Precinct 17,1/1/2013 2:08,1/1/2013 2:24
12182530,1/1/2013 3:10,MIDNIGHT,ASSAULT W/DANGEROUS WEAPON,KNIFE,8/7/2015 8:33,2300 - 2399 BLOCK OF PITTS PLACE SE,401251,132444,8,8A,SEVENTH,701,28,,007504 1,7504,Precinct 114,1/1/2013 3:10,1/1/2013 3:10
12182534,1/1/2013 3:12,MIDNIGHT,ASSAULT W/DANGEROUS WEAPON,GUN,8/7/2015 8:33,2710 - 2731 BLOCK OF MARTIN LUTHER KING JR AVENUE SE,400346,131109,8,8C,SEVENTH,707,,,010400 2,10400,Precinct 123,1/1/2013 3:12,1/1/2013 3:12
12182544,1/1/2013 3:31,MIDNIGHT,THEFT/OTHER,OTHERS,8/7/2015 8:32,400 - 499 BLOCK OF NEWTON PLACE NW,398267,140692,1,1A,FOURTH,409,2,,003200 2,3200,Precinct 43,1/1/2013 1:30,1/1/2013 3:14
12182550,1/1/2013 3:45,MIDNIGHT,THEFT F/AUTO,OTHERS,8/7/2015 8:32,OKIE STREET NE AND FENWICK STREET NE,401335.81,138518.26,5,5D,FIFTH,505,23,,008803 1,8803,Precinct 76,12/31/2012 23:00,1/1/2013 3:30
12182554,1/1/2013 3:38,MIDNIGHT,ROBBERY,OTHERS,8/7/2015 8:33,ONTARIO ROAD NW AND OLD MORGAN SCHOOL PLACE NW,396588.9688,139046.1563,1,1C,THIRD,303,1,,003800 2,3800,Precinct 24,1/1/2013 3:38,1/1/2013 3:38
12182577,1/1/2013 4:23,MIDNIGHT,ASSAULT W/DANGEROUS WEAPON,GUN,8/7/2015 8:32,4200 - 4232 BLOCK OF 4TH STREET SE,399950,128916,8,8D,SEVENTH,708,39,,009811 1,9811,Precinct 125,1/1/2013 4:23,1/1/2013 4:23
12182585,1/1/2013 3:27,MIDNIGHT,BURGLARY,OTHERS,8/7/2015 8:33,300 - 319 BLOCK OF 34TH STREET SE,403685,135308,7,7B,SIXTH,603,32,,007708 2,7708,Precinct 132,1/1/2013 3:27,1/1/2013 3:27
12182587,1/1/2013 3:31,MIDNIGHT,ASSAULT W/DANGEROUS WEAPON,OTHERS,8/7/2015 8:32,4900  - 4999 BLOCK OF 4TH STREET NW,398480,142516,4,4D,FOURTH,407,18,,002202 3,2202,Precinct 55,1/1/2013 2:30,1/1/2013 2:35
12182599,1/1/2013 5:19,MIDNIGHT,BURGLARY,OTHERS,8/7/2015 8:32,200 - 299 BLOCK OF 58TH STREET NE,407132,136008,7,7C,SIXTH,608,31,,007808 3,7808,Precinct 96,12/31/2012 12:00,1/1/2013 5:19
12182608,1/1/2013 3:56,MIDNIGHT,SEX ABUSE,OTHERS,8/7/2015 8:32,1700 - 1799 BLOCK OF RHODE ISLAND AVENUE NW,396547,137583,2,2B,SECOND,208,6,GOLDEN TRIANGLE,010700 2,10700,Precinct 17,1/1/2013 3:56,1/1/2013 3:56
12182612,1/1/2013 7:30,DAY,ROBBERY,GUN,8/7/2015 8:32,1100 - 1199 BLOCK OF 1ST TERRACE NW,399030,137469,6,6E,FIRST,103,8,,004701 1,4701,Precinct 1,1/1/2013 5:20,1/1/2013 5:32
12182627,1/1/2013 8:30,DAY,THEFT F/AUTO,OTHERS,8/7/2015 8:32,4200 - 4299 BLOCK OF EASTERN AVENUE NE,402524.71,141458.42,5,5B,FIFTH,503,20,,009400 1,9400,Precinct 69,1/1/2013 3:30,1/1/2013 7:05
12182631,1/1/2013 2:36,MIDNIGHT,SEX ABUSE,OTHERS,8/7/2015 8:32,1100 - 1299 BLOCK OF COLUMBIA ROAD NW,397529,139979,1,1A,THIRD,302,2,,003000 2,3000,Precinct 36,1/1/2013 2:36,1/1/2013 2:36
12182633,1/1/2013 7:51,DAY,THEFT F/AUTO,OTHERS,8/7/2015 8:32,700 - 799 BLOCK OF V STREET NW,398055,138877,1,1B,THIRD,305,3,,003500 2,3500,Precinct 37,12/3/2012 21:30,12/31/2012 23:15
13000003,1/1/2013 7:50,DAY,ASSAULT W/DANGEROUS WEAPON,OTHERS,8/7/2015 8:33,735 - 939 BLOCK OF JEFFERSON STREET NE,400604,143160,5,5A,FOURTH,405,19,,009508 2,9508,Precinct 66,1/1/2013 7:31,1/1/2013 7:32
13000013,1/1/2013 9:27,DAY,THEFT/OTHER,OTHERS,8/7/2015 8:32,3RD STREET NE AND I STREET NE,399823.38,137052.58,6,6C,FIRST,104,25,,010600 2,10600,Precinct 83,1/1/2013 9:27,1/1/2013 9:27
13000015,1/1/2013 9:26,DAY,THEFT F/AUTO,OTHERS,8/7/2015 8:32,1300 - 1399 BLOCK OF 18TH STREET NW,396385,137809,2,2B,SECOND,208,6,GOLDEN TRIANGLE,010700 2,10700,Precinct 14,1/1/2013 9:26,1/1/2013 9:26
13000019,1/1/2013 9:32,DAY,BURGLARY,OTHERS,8/7/2015 8:33,1600 - 1699 BLOCK OF KENILWORTH AVENUE NE,405654,138217,7,7D,SIXTH,601,29,,009601 1,9601,Precinct 92,1/1/2013 9:32,1/1/2013 9:32
13000022,1/1/2013 9:59,DAY,THEFT/OTHER,OTHERS,8/7/2015 8:33,1700 - 1733 BLOCK OF COLUMBIA ROAD NW,396561,139643,1,1C,FOURTH,408,1,ADAMS MORGAN,003900 3,3900,Precinct 35,1/1/2013 0:30,1/1/2013 2:30
13000031,1/1/2013 10:57,DAY,THEFT F/AUTO,OTHERS,8/7/2015 8:32,4400 - 4499 BLOCK OF 16TH STREET NE,401417,141769,5,5B,FOURTH,405,20,,009503 2,9503,Precinct 67,12/31/2012 21:30,1/1/2013 10:57
13000036,1/1/2013 9:40,DAY,BURGLARY,OTHERS,8/7/2015 8:33,1200 - 1299 BLOCK OF 33RD PLACE SE,403570,134147,7,7B,SIXTH,605,34,,009901 2,9901,Precinct 108,1/1/2013 9:40,1/1/2013 9:40
13000037,1/1/2013 11:00,DAY,THEFT/OTHER,OTHERS,8/7/2015 8:32,1300 - 1399 BLOCK OF U STREET NW,397330,138792,1,1B,THIRD,305,3,,004400 2,4400,Precinct 22,1/1/2013 1:30,1/1/2013 2:00
13000039,1/1/2013 11:32,DAY,THEFT F/AUTO,OTHERS,8/7/2015 8:32,1300 - 1329 BLOCK OF Q STREET NW,397375.65,138140.84,2,2F,THIRD,307,7,,005001 2,5001,Precinct 16,1/1/2013 2:30,1/1/2013 11:25
13000045,1/1/2013 12:57,DAY,BURGLARY,OTHERS,8/7/2015 8:32,1900 - 2299 BLOCK OF S STREET SE,402068,133380,8,8A,SEVENTH,701,34,,007605 1,7605,Precinct 112,12/29/2012 13:00,1/1/2013 11:22
13000056,1/1/2013 12:58,DAY,THEFT F/AUTO,OTHERS,8/7/2015 8:33,Q STREET NW AND 18TH STREET NW,396386.2187,138141.4375,2,2B,THIRD,301,6,,005301 4,5301,Precinct 15,12/31/2012 20:30,1/1/2013 11:40
13000065,1/1/2013 13:12,DAY,THEFT/OTHER,OTHERS,8/7/2015 8:32,900 - 999 BLOCK OF 9TH STREET NW,397919,137069,2,2C,FIRST,102,8,DOWNTOWN,005800 1,5800,Precinct 129,1/1/2013 10:30,1/1/2013 13:00
13000066,1/1/2013 13:15,DAY,THEFT/OTHER,OTHERS,8/7/2015 8:32,3300 - 3399 BLOCK OF DUBOIS PLACE SE,403586,135264,7,7B,SIXTH,603,32,,007708 2,7708,Precinct 132,1/1/2013 13:15,1/1/2013 13:15
13000076,1/1/2013 13:48,DAY,THEFT F/AUTO,OTHERS,8/7/2015 8:32,1600 - 1699 BLOCK OF S STREET NW,396748,138470,2,2B,THIRD,301,6,,005301 1,5301,Precinct 15,1/1/2013 13:48,1/1/2013 13:48
13000084,1/1/2013 13:33,DAY,MOTOR VEHICLE THEFT,OTHERS,8/7/2015 8:32,4500 - 4598 BLOCK OF SOUTH DAKOTA AVENUE NE,401190,141876,5,5A,FOURTH,405,20,,009503 1,9503,Precinct 67,1/1/2013 1:00,1/1/2013 13:00
13000090,1/1/2013 14:26,DAY,THEFT/OTHER,OTHERS,8/7/2015 8:33,4400  - 4499 BLOCK OF ILLINOIS AVENUE NW,398245,141867,4,4C,FOURTH,407,18,,002400 2,2400,Precinct 46,12/28/2012 14:26,12/31/2012 14:26
13000094,1/1/2013 14:18,DAY,THEFT F/AUTO,OTHERS,8/7/2015 8:33,1800 - 1899 BLOCK OF K STREET NW,396307.07,137186.46,2,2B,SECOND,207,6,GOLDEN TRIANGLE,010700 1,10700,Precinct 17,12/31/2012 12:00,1/1/2013 14:18
13000096,1/1/2013 14:48,DAY,THEFT F/AUTO,OTHERS,8/7/2015 8:33,CORCORAN STREET NW AND 14TH STREET NW,397229.12,138223.22,2,2F,THIRD,307,7,,005001 2,5001,Precinct 16,12/31/2012 20:00,1/1/2013 14:30
13000119,1/1/2013 16:45,EVENING,BURGLARY,OTHERS,8/7/2015 8:33,4600 - 4617 BLOCK OF WESTERN AVENUE NW,391395,142482,3,3E,SECOND,202,11,,001001 3,1001,Precinct 31,12/24/2012 16:00,1/1/2013 15:00
13000120,1/1/2013 15:40,EVENING,THEFT/OTHER,OTHERS,8/7/2015 8:32,4800 - 4899 BLOCK OF EASTERN AVENUE NE,401611,142322,5,5B,FOURTH,405,20,,009503 1,9503,Precinct 67,11/20/2012 8:00,11/21/2012 20:00
13000122,1/1/2013 15:29,EVENING,MOTOR VEHICLE THEFT,OTHERS,8/7/2015 8:34,2600 - 2699 BLOCK OF WOODLEY ROAD NW,395317,139759,3,3C,SECOND,204,15,,000501 2,501,Precinct 26,1/1/2013 15:29,1/1/2013 15:29
13000125,1/1/2013 15:53,EVENING,THEFT/OTHER,OTHERS,8/7/2015 8:32,5000 - 5099 BLOCK OF CONNECTICUT AVENUE NW,393930,143053,3,3F,SECOND,203,10,,001100 3,1100,Precinct 33,1/1/2013 15:53,1/1/2013 15:53
13000137,1/1/2013 11:45,DAY,MOTOR VEHICLE THEFT,OTHERS,8/7/2015 8:32,100 - 379 BLOCK OF MICHIGAN AVENUE NE,399610,140102,5,5A,FIFTH,502,21,,002302 1,2302,Precinct 44,12/31/2012 17:35,12/31/2012 17:45
13000142,1/1/2013 17:35,EVENING,ARSON,OTHERS,8/7/2015 8:32,2589 - 2671 BLOCK OF NAYLOR ROAD SE,402595,132803,8,8B,SIXTH,606,35,,007605 2,7605,Precinct 134,1/1/2013 15:52,1/1/2013 15:52
13000147,1/1/2013 15:28,EVENING,THEFT/OTHER,OTHERS,8/7/2015 8:32,3100 - 3299 BLOCK OF 14TH STREET NW,397162,140182,1,1A,THIRD,302,2,,003000 1,3000,Precinct 39,1/1/2013 15:28,1/1/2013 15:28
13000148,1/1/2013 17:40,EVENING,THEFT F/AUTO,OTHERS,8/7/2015 8:32,A STREET SE AND 8TH STREET SE,400436.92,135648.28,6,6B,FIRST,107,26,,006700 3,6700,Precinct 89,12/31/2012 15:00,1/1/2013 16:00
13000149,1/1/2013 16:49,EVENING,ROBBERY,GUN,8/7/2015 8:33,4600 - 4615 BLOCK OF POLK STREET NE,405566.44,137941.14,7,7D,SIXTH,602,31,,009601 1,9601,Precinct 92,1/1/2013 16:49,1/1/2013 16:49
13000150,1/1/2013 16:25,EVENING,BURGLARY,OTHERS,8/7/2015 8:33,100 - 199 BLOCK OF P STREET SW,398878,133801,6,6D,FIRST,105,9,,006400 2,6400,Precinct 127,1/1/2013 16:11,1/1/2013 16:15
13000180,1/1/2013 19:00,EVENING,ROBBERY,GUN,8/7/2015 8:33,1400  - 1599 BLOCK OF KENNEDY STREET NW,396973.96,143146.12,4,4C,FOURTH,403,18,,002001 2,2001,Precinct 53,12/30/2012 13:30,12/30/2012 13:35
13000183,1/1/2013 18:30,EVENING,ROBBERY,OTHERS,8/7/2015 8:33,300 - 399 BLOCK OF GALLOWAY STREET NE,399996,142748,5,5A,FOURTH,405,20,,009508 1,9508,Precinct 66,1/1/2013 18:25,1/1/2013 18:26
13000206,1/1/2013 19:37,EVENING,THEFT/OTHER,OTHERS,8/7/2015 8:32,100  - 199 BLOCK OF JEFFERSON STREET NW,398906,143076,4,4D,FOURTH,403,18,,002102 3,2102,Precinct 57,1/1/2013 17:30,1/1/2013 18:00
13000213,1/1/2013 19:18,EVENING,THEFT/OTHER,OTHERS,8/7/2015 8:33,700 - 799 BLOCK OF 11TH STREET NE,400735,136855,6,6A,FIRST,104,25,,008402 2,8402,Precinct 82,12/23/2012 16:00,12/27/2012 21:00
13000223,1/1/2013 19:56,EVENING,BURGLARY,GUN,8/7/2015 8:33,6300  - 6311 BLOCK OF 5TH STREET NW,398275,144278,4,4B,FOURTH,402,17,,001901 3,1901,Precinct 59,1/1/2013 19:52,1/1/2013 19:54
13000227,1/1/2013 20:24,EVENING,BURGLARY,OTHERS,8/7/2015 8:32,2500 - 2599 BLOCK OF I STREET NW,395314,136983,2,2A,SECOND,207,5,,005600 2,5600,Precinct 3,1/1/2013 20:24,1/1/2013 20:24
13000230,1/1/2013 20:40,EVENING,THEFT/OTHER,OTHERS,8/7/2015 8:33,4800  - 4817 BLOCK OF GEORGIA AVENUE NW,397660,142303,4,4C,FOURTH,407,18,,002002 1,2002,Precinct 54,12/29/2012 23:59,12/30/2012 12:00
13000233,1/1/2013 21:06,EVENING,THEFT/OTHER,OTHERS,8/7/2015 8:32,1400 - 1499 BLOCK OF P STREET NW,397115,137977,2,2F,SECOND,208,7,,005201 3,5201,Precinct 16,1/1/2013 16:00,1/1/2013 20:46
13000235,1/2/2013 17:00,EVENING,THEFT/OTHER,OTHERS,8/7/2015 8:32,43RD ROAD NE AND BENNING ROAD NE,405120.34,136049.46,7,7F,SIXTH,603,33,,007803 4,7803,Precinct 99,1/1/2013 21:00,1/1/2013 21:01
13000243,1/1/2013 21:12,EVENING,ROBBERY,OTHERS,8/7/2015 8:33,4200 - 4399 BLOCK OF NANNIE HELEN BURROUGHS AVENUE NE,405127,137046,7,7D,SIXTH,602,30,,007803 1,7803,Precinct 99,1/1/2013 21:12,1/1/2013 21:12
13000245,1/1/2013 21:11,EVENING,ASSAULT W/DANGEROUS WEAPON,KNIFE,8/7/2015 8:33,900  - 999 BLOCK OF SHEPHERD STREET NW,397725,141317,4,4C,FOURTH,404,18,,002502 1,2502,Precinct 47,1/1/2013 21:06,1/1/2013 21:07
13000253,1/1/2013 22:00,EVENING,THEFT/OTHER,OTHERS,8/7/2015 8:33,2400 - 2499 BLOCK OF 18TH STREET NW,396326,139306,1,1C,THIRD,303,1,ADAMS MORGAN,004002 1,4002,Precinct 25,1/1/2013 22:00,1/1/2013 22:00
13000273,1/1/2013 23:48,MIDNIGHT,THEFT F/AUTO,OTHERS,8/7/2015 8:32,2400 - 2499 BLOCK OF SHANNON PLACE SE,400530,132799,8,8A,SEVENTH,703,37,,007401 1,7401,Precinct 119,12/28/2012 17:00,12/29/2012 10:30
13000280,1/2/2013 1:39,MIDNIGHT,THEFT/OTHER,OTHERS,8/7/2015 8:33,1643 - 1699 BLOCK OF TRINIDAD AVENUE NE,401449,137734,5,5D,FIFTH,506,23,,008804 2,8804,Precinct 78,12/14/2012 2:00,1/1/2013 0:15
13000290,1/2/2013 0:10,MIDNIGHT,BURGLARY,OTHERS,8/7/2015 8:33,4400 - 4499 BLOCK OF HAYES STREET NE,405355,136876,7,7C,SIXTH,602,30,,007804 1,7804,Precinct 98,12/31/2012 14:06,1/2/2013 0:06
13000300,1/2/2013 1:03,MIDNIGHT,THEFT F/AUTO,OTHERS,8/7/2015 8:32,1700 - 1799 BLOCK OF MASSACHUSETTS AVENUE NW,396523,137847,2,2B,SECOND,208,6,,010700 2,10700,Precinct 15,12/30/2012 13:00,1/1/2013 0:30
13000320,1/2/2013 2:00,MIDNIGHT,THEFT F/AUTO,OTHERS,8/7/2015 8:32,2100 - 2199 BLOCK OF 24TH PLACE NE,402466.06,139176.64,5,5C,FIFTH,503,22,,011100 1,11100,Precinct 71,1/1/2013 22:30,1/2/2013 2:00
13000323,1/2/2013 2:30,MIDNIGHT,ROBBERY,KNIFE,8/7/2015 8:32,16 - 68 BLOCK OF M STREET NW,399069,137532,6,6E,FIRST,103,8,,004701 1,4701,Precinct 1,1/2/2013 2:30,1/2/2013 2:30
13000324,1/2/2013 3:04,MIDNIGHT,THEFT F/AUTO,OTHERS,8/7/2015 8:32,2200 - 2299 BLOCK OF 25TH PLACE NE,402521,139240,5,5C,FIFTH,503,22,,011100 1,11100,Precinct 71,1/2/2013 3:04,1/2/2013 3:04
13000325,1/2/2013 3:18,MIDNIGHT,THEFT F/AUTO,OTHERS,8/7/2015 8:32,2200 - 2299 BLOCK OF 25TH PLACE NE,402521,139240,5,5C,FIFTH,503,22,,011100 1,11100,Precinct 71,1/1/2013 19:30,1/2/2013 3:18
13000326,1/2/2013 3:47,MIDNIGHT,THEFT F/AUTO,OTHERS,8/7/2015 8:32,2842 - 3200 BLOCK OF BLADENSBURG ROAD NE,403459,140142,5,5C,FIFTH,506,24,,011100 1,11100,Precinct 71,1/1/2013 20:45,1/2/2013 3:00
13000327,1/2/2013 2:37,MIDNIGHT,THEFT F/AUTO,OTHERS,8/7/2015 8:32,2100 - 2199 BLOCK OF 24TH PLACE NE,402466.06,139176.64,5,5C,FIFTH,503,22,,011100 1,11100,Precinct 71,1/2/2013 2:37,1/2/2013 2:37
13000329,1/2/2013 3:01,MIDNIGHT,THEFT F/AUTO,OTHERS,8/7/2015 8:32,2300 - 3099 BLOCK OF V STREET NE,402835,139007,5,5C,FIFTH,503,24,,011100 1,11100,Precinct 71,1/1/2013 20:01,1/2/2013 3:00
13000330,1/2/2013 4:04,MIDNIGHT,THEFT F/AUTO,OTHERS,8/7/2015 8:32,2300 - 3099 BLOCK OF V STREET NE,402835,139007,5,5C,FIFTH,503,24,,011100 1,11100,Precinct 71,1/2/2013 4:04,1/2/2013 4:04
13000335,1/2/2013 3:43,MIDNIGHT,MOTOR VEHICLE THEFT,OTHERS,8/7/2015 8:32,600 - 699 BLOCK OF 14TH STREET NE,401257,136696,6,6A,FIRST,108,25,,008001 1,8001,Precinct 81,1/1/2013 17:00,1/2/2013 3:43
13000348,1/2/2013 7:15,DAY,THEFT F/AUTO,OTHERS,8/7/2015 8:32,3500 - 3599 BLOCK OF 15TH STREET NE,401345,140608,5,5B,FIFTH,504,22,,009301 4,9301,Precinct 73,12/31/2012 17:00,1/2/2013 7:15
13000353,1/2/2013 7:16,DAY,THEFT F/AUTO,OTHERS,8/7/2015 8:32,3600 - 3699 BLOCK OF NEWARK STREET NW,393784,140752,3,3C,SECOND,203,15,,000600 3,600,Precinct 27,1/1/2013 23:30,1/2/2013 7:06
13000354,1/2/2013 7:10,DAY,MOTOR VEHICLE THEFT,OTHERS,8/7/2015 8:33,5700  - 5719 BLOCK OF 9TH STREET NW,397756,143432,4,4B,FOURTH,403,18,,002101 1,2101,Precinct 58,1/1/2013 17:30,1/2/2013 6:00
13000360,1/2/2013 8:14,DAY,MOTOR VEHICLE THEFT,OTHERS,8/7/2015 8:33,200 - 299 BLOCK OF 13TH STREET NE,401014,136104,6,6A,FIRST,108,25,,008002 2,8002,Precinct 86,1/1/2013 22:30,1/2/2013 8:00
13000361,1/2/2013 8:02,DAY,THEFT F/AUTO,OTHERS,8/7/2015 8:33,1200 - 1299 BLOCK OF 10TH STREET NW,397746,137620,2,2F,THIRD,307,7,,004902 2,4902,Precinct 129,1/1/2013 22:00,1/2/2013 8:02
13000364,1/2/2013 8:46,DAY,THEFT F/AUTO,OTHERS,8/7/2015 8:33,CHURCH STREET NW AND 17TH STREET NW,396661.95,138058.76,2,2B,SECOND,208,6,,005301 2,5301,Precinct 15,1/1/2013 16:00,1/2/2013 8:40
13000376,1/2/2013 9:46,DAY,THEFT/OTHER,OTHERS,8/7/2015 8:32,2500 - 2517 BLOCK OF HURSTON LANE NE,404166,139415,5,5C,FIFTH,503,24,,009000 1,9000,Precinct 139,12/31/2012 17:00,1/2/2013 7:00
13000378,1/2/2013 9:30,DAY,ASSAULT W/DANGEROUS WEAPON,KNIFE,8/7/2015 8:33,5300  - 5399 BLOCK OF ILLINOIS AVENUE NW,397706,142972,4,4D,FOURTH,403,18,,002101 4,2101,Precinct 56,1/2/2013 9:15,1/2/2013 9:25
13000380,1/2/2013 10:20,DAY,THEFT/OTHER,OTHERS,8/7/2015 8:32,1220 - 1299 BLOCK OF 19TH STREET NW,396231,137666,2,2B,SECOND,208,6,GOLDEN TRIANGLE,010700 2,10700,Precinct 17,1/2/2013 9:00,
13000385,1/2/2013 9:19,DAY,THEFT/OTHER,OTHERS,8/7/2015 8:33,5729  - 5799 BLOCK OF COLORADO AVENUE NW,397376,143540,4,4A,FOURTH,403,18,,002001 1,2001,Precinct 53,1/1/2013 21:00,1/2/2013 9:00
13000389,1/2/2013 9:26,DAY,THEFT/OTHER,OTHERS,8/7/2015 8:33,1000 - 1099 BLOCK OF CONNECTICUT AVENUE NW,396559,137255,2,2B,SECOND,207,6,GOLDEN TRIANGLE,010700 1,10700,Precinct 17,12/28/2012 16:00,1/2/2013 9:26
13000392,1/2/2013 9:00,DAY,THEFT F/AUTO,OTHERS,8/7/2015 8:33,1 - 99 BLOCK OF QUINCY PLACE NW,399110,138221,5,5E,FIFTH,501,21,,003302 2,3302,Precinct 19,1/1/2013 21:00,1/2/2013 7:00
13000393,1/2/2013 10:00,DAY,THEFT/OTHER,OTHERS,8/7/2015 8:33,700 - 799 BLOCK OF 7TH STREET NW,398098,136808,2,2C,FIRST,102,8,DOWNTOWN,005800 1,5800,Precinct 129,1/2/2013 9:50,1/2/2013 9:55
13000394,1/2/2013 9:20,DAY,BURGLARY,OTHERS,8/7/2015 8:32,1700 - 1799 BLOCK OF MASSACHUSETTS AVENUE NW,396523,137847,2,2B,SECOND,208,6,,010700 2,10700,Precinct 15,12/28/2012 16:00,12/28/2012 18:30
13000398,1/2/2013 9:57,DAY,MOTOR VEHICLE THEFT,OTHERS,8/7/2015 8:32,800 - 899 BLOCK OF 51ST STREET NE,406321,136994,7,7C,SIXTH,608,31,,007809 1,7809,Precinct 94,1/2/2013 9:57,1/2/2013 9:57
13000405,1/2/2013 10:55,DAY,THEFT F/AUTO,OTHERS,8/7/2015 8:32,1800 - 1899 BLOCK OF NEWTON STREET NW,396294,140699,1,1D,FOURTH,408,2,,002701 2,2701,Precinct 40,12/31/2012 15:00,12/31/2012 18:00
13000410,1/2/2013 11:00,DAY,THEFT/OTHER,OTHERS,8/7/2015 8:33,1000 - 1099 BLOCK OF N STREET NW,397700,137709,2,2F,THIRD,307,7,,004902 2,4902,Precinct 129,11/6/2012 11:00,11/6/2012 11:10
13000411,1/2/2013 11:06,DAY,BURGLARY,OTHERS,8/7/2015 8:33,1700 - 1799 BLOCK OF MASSACHUSETTS AVENUE NW,396523,137847,2,2B,SECOND,208,6,,010700 2,10700,Precinct 15,12/28/2012 17:00,12/31/2012 9:00
13000420,1/2/2013 10:29,DAY,THEFT/OTHER,OTHERS,8/7/2015 8:33,400 - 538 BLOCK OF LEBAUM STREET SE,399943,131197,8,8C,SEVENTH,707,39,,010400 2,10400,Precinct 123,12/20/2012 13:00,12/20/2012 14:00
13000421,1/2/2013 10:28,DAY,THEFT/OTHER,OTHERS,8/7/2015 8:33,1 - 99 BLOCK OF L STREET NE,399351,137319,6,6C,FIRST,103,25,NOMA,010600 2,10600,Precinct 83,1/2/2013 10:28,1/2/2013 10:28
13000843,1/3/2013 10:50,DAY,THEFT/OTHER,OTHERS,8/7/2015 8:33,900 - 999 BLOCK OF RHODE ISLAND AVENUE NE,400594,139371,5,5C,FIFTH,505,22,,009102 2,9102,Precinct 72,9/10/2012 11:56,1/3/2013 9:31
13000852,1/3/2013 10:26,DAY,THEFT/OTHER,OTHERS,8/7/2015 8:33,100 - 299 BLOCK OF MICHIGAN AVENUE NW,398728,139835,1,1B,FOURTH,405,3,,003400 2,3400,Precinct 20,12/21/2012 0:00,1/3/2013 10:26
13000853,1/3/2013 10:55,DAY,THEFT F/AUTO,OTHERS,8/7/2015 8:33,4200 - 4299 BLOCK OF EASTERN AVENUE NE,402524.71,141458.42,5,5B,FIFTH,503,20,,009400 1,9400,Precinct 69,1/2/2013 22:55,1/3/2013 10:00
13000855,1/3/2013 10:59,DAY,THEFT F/AUTO,OTHERS,8/7/2015 8:33,3700 - 3748 BLOCK OF CUMBERLAND STREET NW,393705,142615,3,3E,SECOND,202,11,,001200 1,1200,Precinct 33,1/2/2013 23:15,1/3/2013 10:50
13000859,1/3/2013 11:23,DAY,THEFT F/AUTO,OTHERS,8/7/2015 8:33,4200 - 4299 BLOCK OF EASTERN AVENUE NE,402524.71,141458.42,5,5B,FIFTH,503,20,,009400 1,9400,Precinct 69,1/2/2013 1:00,1/3/2013 11:00
13000860,1/3/2013 10:59,DAY,BURGLARY,OTHERS,8/7/2015 8:33,2301 - 2399 BLOCK OF 24TH STREET SE,402451,132622,8,8B,SEVENTH,702,36,,007502 1,7502,Precinct 134,1/2/2013 7:00,1/2/2013 18:00
13000862,1/3/2013 10:49,DAY,THEFT/OTHER,OTHERS,8/7/2015 8:33,200 - 229 BLOCK OF 51ST STREET NE,406152,136119,7,7C,SIXTH,602,31,,007804 2,7804,Precinct 97,1/3/2013 10:49,1/3/2013 10:49
13000867,1/3/2013 10:43,DAY,THEFT/OTHER,OTHERS,8/7/2015 8:33,2500 - 2598 BLOCK OF BENNING ROAD NE,402530,136674,7,7D,FIFTH,507,25,,007903 1,7903,Precinct 80,1/2/2013 21:10,1/2/2013 21:15
13000870,1/3/2013 11:30,DAY,BURGLARY,OTHERS,8/7/2015 8:33,3800  - 3899 BLOCK OF 14TH STREET NW,397162,141156,4,4C,FOURTH,404,18,,002502 4,2502,Precinct 47,12/21/2012 10:00,1/3/2013 11:15
13000876,1/3/2013 12:01,DAY,THEFT F/AUTO,OTHERS,8/7/2015 8:33,1310  - 1399 BLOCK OF HEMLOCK STREET NW,397221,145936,4,4A,FOURTH,401,16,,001600 3,1600,Precinct 62,1/2/2013 19:00,1/3/2013 10:15
13000878,1/3/2013 11:59,DAY,THEFT/OTHER,OTHERS,8/7/2015 8:33,400 - 457 BLOCK OF MASSACHUSETTS AVENUE NW,398508,136963,2,2C,FIRST,102,8,DOWNTOWN,005900 1,5900,Precinct 143,1/3/2013 11:50,1/3/2013 11:59
13000882,1/3/2013 11:51,DAY,THEFT/OTHER,OTHERS,8/7/2015 8:32,320 - 399 BLOCK OF 7TH STREET NW,398098,136276,2,2C,FIRST,102,8,DOWNTOWN,005800 1,5800,Precinct 143,1/3/2013 11:00,1/3/2013 11:30
13000884,1/3/2013 12:00,DAY,THEFT/OTHER,OTHERS,8/7/2015 8:32,1600 - 1699 BLOCK OF U STREET NW,396749,138793,2,2B,THIRD,301,6,,004201 1,4201,Precinct 141,1/3/2013 12:00,1/3/2013 12:00
13000886,1/3/2013 12:13,DAY,THEFT F/AUTO,OTHERS,8/7/2015 8:32,500 - 699 BLOCK OF HOBART PLACE NW,398107,140006,1,1B,THIRD,302,2,,003200 4,3200,Precinct 37,1/3/2013 12:13,1/3/2013 12:13
13000895,1/3/2013 12:45,DAY,THEFT/OTHER,OTHERS,8/7/2015 8:33,946 - 1299 BLOCK OF DIVISION AVENUE NE,406607,137290,7,7C,SIXTH,608,31,,007807 2,7807,Precinct 95,12/23/2012 10:00,12/23/2012 11:00
13000902,1/3/2013 13:37,DAY,THEFT F/AUTO,OTHERS,8/7/2015 8:33,9TH STREET NW AND O STREET NW,397921.04,137857.35,2,6E,THIRD,308,7,,004902 1,4902,Precinct 129,1/3/2013 12:45,1/3/2013 13:00
13000929,1/3/2013 14:08,DAY,THEFT F/AUTO,OTHERS,8/7/2015 8:33,M STREET NW AND 5TH STREET NW,398357.91,137532.04,6,6E,THIRD,308,7,,004802 1,4802,Precinct 18,1/3/2013 13:30,1/3/2013 13:30
13000939,1/3/2013 15:00,EVENING,THEFT/OTHER,OTHERS,8/7/2015 8:32,900 - 999 BLOCK OF NEW YORK AVENUE NW,397831,137105,2,2C,FIRST,101,8,DOWNTOWN,005800 1,5800,Precinct 129,12/26/2012 15:00,12/27/2012 11:00
13000946,1/3/2013 15:18,EVENING,MOTOR VEHICLE THEFT,OTHERS,8/7/2015 8:33,1 - 99 BLOCK OF MASSACHUSETTS AVENUE NE,399272,136594,6,6C,FIRST,103,,DOWNTOWN,006202 1,6202,Precinct 130,12/5/2012 17:10,1/3/2013 15:18
13000963,1/3/2013 15:03,EVENING,THEFT F/AUTO,OTHERS,8/7/2015 8:32,500 - 599 BLOCK OF F STREET NW,398315,136609,2,2C,FIRST,102,8,DOWNTOWN,005800 2,5800,Precinct 143,1/3/2013 15:03,1/3/2013 15:03
13000969,1/3/2013 15:54,EVENING,THEFT/OTHER,OTHERS,8/7/2015 8:33,3400 - 3499 BLOCK OF 18TH STREET NE,401770,140526,5,5B,FIFTH,504,22,,009301 1,9301,Precinct 70,1/3/2013 15:54,1/3/2013 15:54
13000970,1/3/2013 16:17,EVENING,THEFT/OTHER,OTHERS,8/7/2015 8:33,600 - 699 BLOCK OF F STREET NW,398185,136610,2,2C,FIRST,102,8,DOWNTOWN,005800 2,5800,Precinct 129,12/12/2012 23:00,12/12/2012 23:02
13000972,1/3/2013 16:19,EVENING,THEFT/OTHER,OTHERS,8/7/2015 8:32,4350 - 4399 BLOCK OF JENIFER STREET NW,392587,143462,3,3E,SECOND,202,11,,001001 1,1001,Precinct 31,1/3/2013 16:19,1/3/2013 16:19
13000974,1/3/2013 15:26,EVENING,THEFT/OTHER,OTHERS,8/7/2015 8:32,5300 - 5399 BLOCK OF WISCONSIN AVENUE NW,392607,143559,3,3E,SECOND,202,11,,001001 1,1001,Precinct 31,1/3/2013 15:26,1/3/2013 15:26
13000980,1/3/2013 15:06,EVENING,THEFT F/AUTO,OTHERS,8/7/2015 8:33,1300 - 1399 BLOCK OF PENNSYLVANIA AVENUE NW,397328,136474,2,2C,FIRST,101,8,DOWNTOWN,005800 1,5800,Precinct 129,1/2/2013 19:26,1/3/2013 15:06
13000983,1/3/2013 16:33,EVENING,THEFT/OTHER,OTHERS,8/7/2015 8:32,1618 - 1699 BLOCK OF 14TH STREET NW,397228,138264,2,2F,THIRD,301,7,,005201 4,5201,Precinct 16,1/3/2013 16:33,1/3/2013 16:33
13001002,1/3/2013 16:35,EVENING,THEFT F/AUTO,OTHERS,8/7/2015 8:32,800 - 899 BLOCK OF KENTUCKY AVENUE SE,401575.23,134650.75,6,6B,FIRST,108,26,,006802 2,6802,Precinct 91,12/28/2012 14:00,1/3/2013 14:00
13001011,1/3/2013 16:53,EVENING,THEFT F/AUTO,OTHERS,8/7/2015 8:33,1821 - 1899 BLOCK OF 5TH STREET NW,398397,138602,1,1B,THIRD,306,3,,003400 2,3400,Precinct 37,1/3/2013 16:53,1/3/2013 16:53
13001023,1/3/2013 17:11,EVENING,BURGLARY,OTHERS,8/7/2015 8:33,800 - 899 BLOCK OF TAYLOR STREET NE,400497,141425,5,5B,FOURTH,405,20,,009504 1,9504,Precinct 68,1/3/2013 15:30,1/3/2013 17:10
13001033,1/3/2013 17:27,EVENING,THEFT/OTHER,OTHERS,8/7/2015 8:32,18TH STREET NW AND L STREET NW,396385.3125,137321.6563,2,2B,SECOND,207,6,GOLDEN TRIANGLE,010700 1,10700,Precinct 17,1/3/2013 12:30,1/3/2013 17:10
13001034,1/3/2013 15:39,EVENING,ROBBERY,OTHERS,8/7/2015 8:33,270 - 325 BLOCK OF 53RD STREET NE,406495,136227,7,7C,SIXTH,608,31,,007808 1,7808,Precinct 96,1/3/2013 15:39,1/3/2013 15:39
13001038,1/3/2013 18:18,EVENING,THEFT F/AUTO,OTHERS,8/7/2015 8:33,1800 - 1899 BLOCK OF R STREET NW,396309,138305,2,2B,THIRD,301,6,,004202 1,4202,Precinct 14,1/3/2013 18:18,1/3/2013 18:18
13001046,1/3/2013 18:45,EVENING,THEFT F/AUTO,OTHERS,8/7/2015 8:32,600 - 699 BLOCK OF D STREET SE,400233,135159,6,6B,FIRST,107,26,,006500 2,6500,Precinct 89,1/3/2013 15:00,1/3/2013 18:00
13001052,1/3/2013 18:00,EVENING,THEFT F/AUTO,OTHERS,8/7/2015 8:32,1400 - 1599 BLOCK OF MONROE STREET NW,397000.79,140445.78,1,1A,THIRD,302,2,,002802 2,2802,Precinct 41,12/26/2012 20:00,12/27/2012 9:00
13001076,1/3/2013 20:30,EVENING,ROBBERY,GUN,8/7/2015 8:33,1200 - 1299 BLOCK OF PENN STREET NE,401191,137566,5,5D,FIFTH,506,23,,008802 4,8802,Precinct 77,1/3/2013 19:21,1/3/2013 19:26
13001084,1/3/2013 20:25,EVENING,THEFT/OTHER,OTHERS,8/7/2015 8:32,1700 - 1780 BLOCK OF U STREET NW,396544,138793,2,2B,THIRD,301,6,,004201 2,4201,Precinct 141,12/30/2012 3:00,12/30/2012 3:00
13001096,1/3/2013 19:56,EVENING,ASSAULT W/DANGEROUS WEAPON,GUN,8/7/2015 8:33,4600 - 4899 BLOCK OF B STREET SE,405711,135520,7,7E,SIXTH,604,33,,009906 1,9906,Precinct 104,1/3/2013 19:56,1/3/2013 19:56
13001100,1/3/2013 20:22,EVENING,THEFT/OTHER,OTHERS,8/7/2015 8:32,1300 - 1399 BLOCK OF IRVING STREET NW,397294,140084,1,1A,THIRD,302,2,,003000 2,3000,Precinct 39,1/3/2013 9:00,1/3/2013 18:00
13001106,1/3/2013 21:00,EVENING,ROBBERY,OTHERS,8/7/2015 8:32,520 - 799 BLOCK OF ATLANTIC STREET SE,400297,129240,8,8E,SEVENTH,706,39,,009802 2,9802,Precinct 125,1/3/2013 20:15,1/3/2013 20:18
13001110,1/3/2013 20:37,EVENING,THEFT/OTHER,OTHERS,8/7/2015 8:33,1100 - 1129 BLOCK OF CONNECTICUT AVENUE NW,396504,137376,2,2B,SECOND,207,6,GOLDEN TRIANGLE,010700 1,10700,Precinct 17,1/3/2013 20:37,1/3/2013 20:37
13001114,1/3/2013 20:57,EVENING,BURGLARY,OTHERS,8/7/2015 8:32,1100 - 1199 BLOCK OF NEAL STREET NE,400857,137467,5,5D,FIFTH,506,23,,008802 3,8802,Precinct 77,12/26/2012 23:00,1/3/2013 20:57
13001116,1/3/2013 21:30,EVENING,THEFT/OTHER,OTHERS,8/7/2015 8:32,1300 - 1399 BLOCK OF PENNSYLVANIA AVENUE NW,397328,136474,2,2C,FIRST,101,8,DOWNTOWN,005800 1,5800,Precinct 129,1/3/2013 18:20,1/3/2013 20:10
13001118,1/3/2013 0:00,MIDNIGHT,SEX ABUSE,OTHERS,8/7/2015 8:33,6658  - 6799 BLOCK OF GEORGIA AVENUE NW,397654.08,144888.65,4,4A,FOURTH,401,17,,010300 1,10300,Precinct 61,1/1/2013 16:00,1/2/2013 2:30
13001129,1/3/2013 21:50,EVENING,ROBBERY,OTHERS,8/7/2015 8:33,7600  - 7799 BLOCK OF EASTERN AVENUE NW,397834,146152,4,4B,FOURTH,401,17,,010300 2,10300,Precinct 63,1/3/2013 21:20,1/3/2013 21:22
13001144,1/3/2013 23:00,MIDNIGHT,THEFT/OTHER,OTHERS,8/7/2015 8:33,400 - 499 BLOCK OF 20TH STREET NE,402062,136399,7,7D,FIFTH,507,25,,007903 1,7903,Precinct 80,1/3/2013 10:00,1/3/2013 17:30
13001153,1/3/2013 23:01,MIDNIGHT,THEFT/OTHER,OTHERS,8/7/2015 8:33,1900 - 1999 BLOCK OF 9TH STREET NW,397921,138712,1,1B,THIRD,305,3,,004400 2,4400,Precinct 137,1/3/2013 23:01,1/3/2013 23:01
13001157,1/4/2013 0:11,MIDNIGHT,ROBBERY,GUN,8/7/2015 8:32,1300 - 1399 BLOCK OF T STREET NW,397329,138634,1,1B,THIRD,305,3,,004400 2,4400,Precinct 22,1/3/2013 22:50,1/3/2013 22:50
13001162,1/3/2013 22:56,EVENING,ASSAULT W/DANGEROUS WEAPON,GUN,8/7/2015 8:33,600 - 699 BLOCK OF N STREET NW,398186,137709,6,6E,THIRD,308,7,,004802 2,4802,Precinct 18,1/3/2013 22:50,1/3/2013 22:52
13001168,1/3/2013 23:23,MIDNIGHT,BURGLARY,OTHERS,8/7/2015 8:32,5000 - 5099 BLOCK OF BASS PLACE SE,406127,135335,7,7E,SIXTH,604,33,,009904 2,9904,Precinct 104,1/3/2013 23:23,1/3/2013 23:23
13001173,1/3/2013 23:54,MIDNIGHT,ROBBERY,GUN,8/7/2015 8:32,708 - 799 BLOCK OF EASTERN AVENUE NE,407169.79,136808.06,7,7C,SIXTH,608,31,,,,Precinct 95,1/3/2013 23:54,1/3/2013 23:54
13001179,1/4/2013 0:21,MIDNIGHT,ASSAULT W/DANGEROUS WEAPON,OTHERS,8/7/2015 8:33,42 - 223 BLOCK OF 35TH STREET NE,403992,135998,7,7F,SIXTH,603,32,,009603 3,9603,Precinct 102,1/4/2013 0:21,1/4/2013 0:21
13001186,1/4/2013 0:26,MIDNIGHT,BURGLARY,OTHERS,8/7/2015 8:33,4500 - 4521 BLOCK OF 45TH STREET NW,392316,142276,3,3E,SECOND,202,11,,001001 3,1001,Precinct 31,1/4/2013 0:26,1/4/2013 0:26
13001199,1/4/2013 1:28,MIDNIGHT,ASSAULT W/DANGEROUS WEAPON,KNIFE,8/7/2015 8:33,6900  - 7099 BLOCK OF GEORGIA AVENUE NW,397679,145199,4,4A,FOURTH,401,,,010300 1,10300,Precinct 62,1/4/2013 1:28,1/4/2013 1:28
13001206,1/4/2013 2:08,MIDNIGHT,THEFT/OTHER,OTHERS,8/7/2015 8:33,1218 - 1299 BLOCK OF CONNECTICUT AVENUE NW,396372,137666,2,2B,SECOND,208,6,GOLDEN TRIANGLE,010700 2,10700,Precinct 17,1/4/2013 2:08,1/4/2013 2:08
13001208,1/4/2013 2:03,MIDNIGHT,THEFT/OTHER,OTHERS,8/7/2015 8:33,900 - 1099 BLOCK OF COLUMBIA ROAD NW,397686,139989,1,1A,THIRD,302,2,,003100 1,3100,Precinct 37,1/4/2013 2:03,1/4/2013 2:03
13001210,1/4/2013 1:58,MIDNIGHT,THEFT/OTHER,OTHERS,8/7/2015 8:32,2201 - 2318 BLOCK OF PENNSYLVANIA AVENUE SE,402357,134072,7,7B,SIXTH,607,34,,007601 1,7601,Precinct 111,1/4/2013 1:58,1/4/2013 1:58
13001211,1/4/2013 2:31,MIDNIGHT,THEFT F/AUTO,OTHERS,8/7/2015 8:33,N STREET NW AND 19TH STREET NW,396231.8437,137710.25,2,2B,SECOND,208,6,GOLDEN TRIANGLE,010700 2,10700,Precinct 14,1/3/2013 21:15,1/4/2013 2:31
13001219,1/4/2013 2:30,MIDNIGHT,BURGLARY,OTHERS,8/7/2015 8:33,1800 - 1999 BLOCK OF JACKSON STREET NE,401924,140253,5,5C,FIFTH,504,22,,009400 2,9400,Precinct 70,1/4/2013 2:20,1/4/2013 2:24
13001226,1/4/2013 4:25,MIDNIGHT,BURGLARY,OTHERS,8/7/2015 8:32,400 - 499 BLOCK OF K STREET NW,398477,137185,6,6E,FIRST,102,8,MOUNT VERNON TRIANGLE CID,004702 1,4702,Precinct 1,1/4/2013 3:54,1/4/2013 3:54
13001232,1/4/2013 4:44,MIDNIGHT,ASSAULT W/DANGEROUS WEAPON,KNIFE,8/7/2015 8:32,3500 - 3721 BLOCK OF HAYES STREET NE,404085,137618,7,7D,SIXTH,601,30,,009602 2,9602,Precinct 100,1/4/2013 4:44,1/4/2013 4:44
13001233,1/4/2013 4:58,MIDNIGHT,THEFT F/AUTO,OTHERS,8/7/2015 8:33,201 - 299 BLOCK OF 15TH STREET SE,401418,135377,6,6B,FIRST,108,26,,006900 1,6900,Precinct 87,1/4/2013 4:58,1/4/2013 4:58
13001234,1/4/2013 5:06,MIDNIGHT,MOTOR VEHICLE THEFT,OTHERS,8/7/2015 8:33,4300 - 4399 BLOCK OF ORD STREET NE,405096,137855,7,7D,SIXTH,601,29,,009601 1,9601,Precinct 92,1/3/2013 21:30,1/4/2013 4:30
13001237,1/4/2013 5:40,MIDNIGHT,MOTOR VEHICLE THEFT,OTHERS,8/7/2015 8:33,1200 - 1217 BLOCK OF 42ND PLACE NE,405041,137572,7,7D,SIXTH,601,29,,009601 1,9601,Precinct 92,1/4/2013 5:40,1/4/2013 5:40
13001239,1/4/2013 6:09,MIDNIGHT,ROBBERY,OTHERS,8/7/2015 8:32,8TH STREET NW AND KENNEDY STREET NW,397916.9,143158.44,4,4D,FOURTH,403,18,,002101 5,2101,Precinct 56,1/4/2013 6:00,1/4/2013 6:09
13001245,1/4/2013 6:55,MIDNIGHT,THEFT/OTHER,OTHERS,8/7/2015 8:32,1700 - 1799 BLOCK OF HAMLIN STREET NE,401734,140028,5,5B,FIFTH,504,22,,009301 3,9301,Precinct 70,1/4/2013 6:55,1/4/2013 6:55
13001247,1/4/2013 6:42,MIDNIGHT,ROBBERY,KNIFE,8/7/2015 8:33,500 - 699 BLOCK OF KENYON STREET NW,398127,140238,1,1A,THIRD,302,2,,003200 4,3200,Precinct 38,1/4/2013 6:35,1/4/2013 6:40
13001248,1/4/2013 7:19,DAY,BURGLARY,OTHERS,8/7/2015 8:33,2701 - 2798 BLOCK OF 14TH STREET NW,397200,139695,1,1B,THIRD,304,2,,003700 2,3700,Precinct 36,1/4/2013 7:19,1/4/2013 7:19
13001249,1/4/2013 7:12,DAY,THEFT F/AUTO,OTHERS,8/7/2015 8:32,3400 - 3798 BLOCK OF PENNSYLVANIA AVENUE SE,403930,133240,7,7B,SIXTH,605,34,,007604 2,7604,Precinct 110,1/4/2013 7:00,1/4/2013 7:06
13001251,1/4/2013 7:44,DAY,ROBBERY,OTHERS,8/7/2015 8:32,4700 - 4899 BLOCK OF CLAY STREET NE,405735,136180,7,7C,SIXTH,602,30,,007804 3,7804,Precinct 98,1/4/2013 7:44,1/4/2013 7:44
13001257,1/4/2013 10:00,DAY,BURGLARY,OTHERS,8/7/2015 8:32,3000 - 3099 BLOCK OF 30TH STREET SE,403074,131528,8,8B,SEVENTH,702,36,,007408 1,7408,Precinct 115,12/21/2012 8:00,1/4/2013 8:04
13001259,1/4/2013 8:10,DAY,THEFT F/AUTO,OTHERS,8/7/2015 8:32,2008 - 2099 BLOCK OF N STREET NW,395996,137710,2,2B,SECOND,208,6,,005500 3,5500,Precinct 4,1/2/2013 17:00,1/4/2013 8:10
13001262,1/4/2013 8:56,DAY,THEFT F/AUTO,OTHERS,8/7/2015 8:34,1600 - 1699 BLOCK OF A STREET NE,401605,135898,6,6A,FIRST,108,26,,008002 1,8002,Precinct 86,1/3/2013 18:00,1/4/2013 6:00
13001263,1/4/2013 8:44,DAY,THEFT F/AUTO,OTHERS,8/7/2015 8:33,400 - 499 BLOCK OF 7TH STREET SE,400331,135045,6,6B,FIRST,107,26,,007000 1,7000,Precinct 90,1/3/2013 23:00,1/4/2013 7:45
13001269,1/4/2013 9:16,DAY,MOTOR VEHICLE THEFT,OTHERS,8/7/2015 8:32,600 - 799 BLOCK OF 24TH STREET NE,402399,136856,5,5D,FIFTH,507,23,,008904 1,8904,Precinct 79,1/4/2013 9:16,1/4/2013 9:16
13001270,1/4/2013 9:22,DAY,MOTOR VEHICLE THEFT,OTHERS,8/7/2015 8:33,6707  - 6799 BLOCK OF 14TH STREET NW,397104,144885,4,4A,FOURTH,401,17,,001803 1,1803,Precinct 61,1/3/2013 16:00,1/4/2013 9:00
13001276,1/4/2013 9:45,DAY,THEFT/OTHER,OTHERS,8/7/2015 8:32,4686 - 4699 BLOCK OF MARTIN LUTHER KING JR AVENUE SW,399051,127996,8,8D,SEVENTH,708,,,010900 2,10900,Precinct 126,1/4/2013 9:40,1/4/2013 9:45
13001280,1/4/2013 10:00,DAY,ROBBERY,OTHERS,8/7/2015 8:33,500  - 561 BLOCK OF MISSOURI AVENUE NW,398236,143395,4,4B,FOURTH,403,18,,002101 1,2101,Precinct 58,1/4/2013 9:40,1/4/2013 9:45
13001289,1/4/2013 10:03,DAY,THEFT F/AUTO,OTHERS,8/7/2015 8:33,3600 - 3609 BLOCK OF GARFIELD STREET NW,393819.34,139963.23,3,3C,SECOND,204,15,,000400 1,400,Precinct 12,1/4/2013 10:03,1/4/2013 10:03
13001291,1/4/2013 10:16,DAY,ROBBERY,OTHERS,8/7/2015 8:33,1452 - 1499 BLOCK OF IRVING STREET NW,396929,140085,1,1A,THIRD,302,2,,002802 1,2802,Precinct 36,1/4/2013 10:10,1/4/2013 10:11
13001293,1/4/2013 10:40,DAY,THEFT F/AUTO,OTHERS,8/7/2015 8:33,400  - 499 BLOCK OF BUTTERNUT STREET NW,398356,145076,4,4B,FOURTH,401,17,,001702 1,1702,Precinct 63,1/4/2013 9:30,1/4/2013 10:40
13001295,1/4/2013 11:00,DAY,THEFT/OTHER,OTHERS,8/7/2015 8:33,1700 - 1749 BLOCK OF R STREET NW,396567.99,138305.54,2,2B,THIRD,301,6,,005301 4,5301,Precinct 15,1/4/2013 10:22,1/4/2013 10:35
13001299,1/4/2013 10:13,DAY,THEFT/OTHER,OTHERS,8/7/2015 8:33,2842 - 3200 BLOCK OF BLADENSBURG ROAD NE,403459,140142,5,5C,FIFTH,503,24,,011100 1,11100,Precinct 71,1/4/2013 10:13,1/4/2013 10:13
13001306,1/4/2013 10:11,DAY,BURGLARY,OTHERS,8/7/2015 8:33,3234 - 3277 BLOCK OF ROBERT CLIFTON WEAVER WAY NE,403572,139467,5,5C,FIFTH,503,24,,009000 1,9000,Precinct 139,12/7/2012 0:00,12/8/2012 10:11
13001313,1/4/2013 12:00,DAY,THEFT F/AUTO,OTHERS,8/7/2015 8:32,100 - 199 BLOCK OF 48TH PLACE NE,405734,135922,7,7C,SIXTH,608,33,,007804 3,7804,Precinct 98,1/4/2013 10:15,1/4/2013 10:20
13001321,1/4/2013 11:30,DAY,THEFT/OTHER,OTHERS,8/7/2015 8:33,1 - 99 BLOCK OF MASSACHUSETTS AVENUE NE,399272,136594,6,6C,FIRST,103,,DOWNTOWN,006202 1,6202,Precinct 130,1/3/2013 10:30,1/3/2013 18:30
13001329,1/4/2013 11:36,DAY,THEFT/OTHER,OTHERS,8/7/2015 8:33,EATON ROAD SE AND FIRTH STERLING AVENUE SE,399956.98,132569.16,8,8C,SEVENTH,703,37,,007401 1,7401,Precinct 119,1/4/2013 11:00,1/4/2013 11:36
13001332,1/4/2013 11:54,DAY,ROBBERY,GUN,8/7/2015 8:33,CHESAPEAKE STREET SW AND CHESAPEAKE STREET SE,399333.59,129045.87,8,8D,SEVENTH,708,39,,009810 2,9810,Precinct 124,1/4/2013 11:19,1/4/2013 11:20
13001334,1/4/2013 13:00,DAY,THEFT/OTHER,OTHERS,8/7/2015 8:32,2300 - 2399 BLOCK OF N STREET NW,395597,137710,2,2A,SECOND,207,5,,005500 3,5500,Precinct 4,11/13/2012 11:00,11/13/2012 14:00
13001336,1/4/2013 12:12,DAY,THEFT/OTHER,OTHERS,8/7/2015 8:33,4600 - 4701 BLOCK OF MINNESOTA AVENUE NE,405569,137651,7,7C,SIXTH,602,31,,007806 2,7806,Precinct 93,1/4/2013 12:12,1/4/2013 12:12
13001346,1/4/2013 12:08,DAY,ROBBERY,OTHERS,8/7/2015 8:32,900  - 999 BLOCK OF MADISON STREET NW,397655,143386,4,4B,FOURTH,403,18,,002101 1,2101,Precinct 58,1/4/2013 12:08,1/4/2013 12:08
13001348,1/4/2013 13:00,DAY,THEFT F/AUTO,OTHERS,8/7/2015 8:33,6000  - 6099 BLOCK OF GEORGIA AVENUE NW,397586,143925,4,4A,FOURTH,402,17,,001804 2,1804,Precinct 60,1/4/2013 11:00,1/4/2013 12:30
13001368,1/4/2013 14:00,DAY,THEFT/OTHER,OTHERS,8/7/2015 8:32,900  - 999 BLOCK OF FARRAGUT STREET NW,397712,142547,4,4D,FOURTH,407,18,,002201 3,2201,Precinct 55,12/31/2012 8:00,1/2/2013 15:00
13001370,1/4/2013 14:21,DAY,THEFT F/AUTO,OTHERS,8/7/2015 8:32,1300 - 1399 BLOCK OF OKIE STREET NE,401211,138483,5,5D,FIFTH,505,23,,008803 1,8803,Precinct 76,1/1/2013 22:00,1/2/2013 2:30
13001373,1/4/2013 13:20,DAY,MOTOR VEHICLE THEFT,OTHERS,8/7/2015 8:33,1408 - 1419 BLOCK OF HOWARD ROAD SE,400946,132413,8,8A,SEVENTH,703,37,,007407 2,7407,Precinct 119,1/4/2013 13:00,1/4/2013 13:20
13001377,1/4/2013 14:19,DAY,THEFT/OTHER,OTHERS,8/7/2015 8:32,4200 - 4399 BLOCK OF CONNECTICUT AVENUE NW,394459,141888,3,3F,SECOND,203,12,,001200 4,1200,Precinct 33,1/4/2013 14:19,1/4/2013 14:19
13001381,1/4/2013 14:59,DAY,MOTOR VEHICLE THEFT,OTHERS,8/7/2015 8:32,100 - 199 BLOCK OF PIERCE STREET NW,398843,137425,6,6E,FIRST,103,8,,004701 2,4701,Precinct 1,1/3/2013 23:00,1/4/2013 12:00
13001386,1/4/2013 15:00,EVENING,THEFT/OTHER,OTHERS,8/7/2015 8:32,2400 - 2422 BLOCK OF MASSACHUSETTS AVENUE NW,395407,138441,2,2D,SECOND,208,1,,004100 3,4100,Precinct 13,12/31/2012 19:30,1/1/2013 8:00
13001391,1/4/2013 14:43,DAY,THEFT/OTHER,OTHERS,8/7/2015 8:33,400  - 499 BLOCK OF RANDOLPH STREET NW,398438,141220,4,4C,FOURTH,407,18,,002301 1,2301,Precinct 45,1/4/2013 14:40,1/4/2013 14:41
13001394,1/4/2013 15:06,EVENING,THEFT F/AUTO,OTHERS,8/7/2015 8:33,2390 - 2699 BLOCK OF 6TH STREET NW,398154,139534,1,1B,THIRD,306,3,,003400 2,3400,Precinct 37,1/4/2013 14:00,1/4/2013 14:05
13001396,1/4/2013 14:27,DAY,BURGLARY,OTHERS,8/7/2015 8:33,1926 - 2099 BLOCK OF I STREET NE,402195.96,137192.39,5,5D,FIFTH,507,23,,008904 1,8904,Precinct 79,12/28/2012 16:00,1/4/2013 14:20
13001397,1/4/2013 16:20,EVENING,THEFT/OTHER,OTHERS,8/7/2015 8:32,1200 - 1299 BLOCK OF G STREET NW,397497,136718,2,2C,FIRST,101,8,DOWNTOWN,005800 1,5800,Precinct 129,1/4/2013 14:30,1/4/2013 14:40
13001402,1/4/2013 16:00,EVENING,THEFT F/AUTO,OTHERS,8/7/2015 8:33,6200  - 6299 BLOCK OF GEORGIA AVENUE NW,397603,144181,4,4A,FOURTH,402,17,,001804 2,1804,Precinct 60,1/4/2013 14:00,1/4/2013 14:50
13001404,1/4/2013 15:15,EVENING,THEFT F/AUTO,OTHERS,8/7/2015 8:32,600 - 699 BLOCK OF EAST CAPITOL STREET,400233,135773,6,6B,FIRST,107,26,,006600 1,6600,Precinct 89,1/4/2013 15:15,1/4/2013 15:15
13001407,1/4/2013 15:25,EVENING,ASSAULT W/DANGEROUS WEAPON,OTHERS,8/7/2015 8:33,3400 - 3499 BLOCK OF 23RD STREET SE,402462.2289,130962.5076,8,8B,SEVENTH,704,38,,007409 1,7409,Precinct 116,1/4/2013 15:25,1/4/2013 15:25
13001410,1/4/2013 16:30,EVENING,ROBBERY,OTHERS,8/7/2015 8:32,808 - 899 BLOCK OF CHESAPEAKE STREET SE,400660,129046,8,8D,SEVENTH,706,39,,009811 2,9811,Precinct 125,1/4/2013 14:05,1/4/2013 14:10
13001414,1/4/2013 15:41,EVENING,THEFT/OTHER,OTHERS,8/7/2015 8:32,500 - 503 BLOCK OF 12TH STREET SE,400846,134967,6,6B,FIRST,107,26,CAPITOL HILL,006900 1,6900,Precinct 91,1/4/2013 15:30,1/4/2013 15:40
13001419,1/4/2013 16:05,EVENING,THEFT/OTHER,OTHERS,8/7/2015 8:33,1924 - 1937 BLOCK OF 18TH STREET NW,396387,138741,2,2B,FIFTH,501,6,,004202 2,4202,Precinct 14,1/3/2013 21:30,1/4/2013 11:45
13001421,1/4/2013 16:08,EVENING,THEFT/OTHER,OTHERS,8/7/2015 8:32,800 - 899 BLOCK OF VERMONT AVENUE NW,396980.01,136990.3,2,2B,SECOND,207,6,DOWNTOWN,010100 2,10100,Precinct 17,1/4/2013 12:30,1/4/2013 14:30
13001427,1/4/2013 16:09,EVENING,MOTOR VEHICLE THEFT,OTHERS,8/7/2015 8:33,6000  - 6129 BLOCK OF KANSAS AVENUE NW,399159.87,143979.55,4,4B,FOURTH,406,17,,001902 2,1902,Precinct 64,12/8/2012 15:50,1/4/2013 16:09
13001429,1/4/2013 15:51,EVENING,THEFT/OTHER,OTHERS,8/7/2015 8:32,2100 - 2199 BLOCK OF 11TH STREET NW,397655,138975,1,1B,THIRD,305,3,,004400 1,4400,Precinct 22,1/1/2013 15:51,1/4/2013 15:51
13001432,1/4/2013 16:29,EVENING,THEFT F/AUTO,OTHERS,8/7/2015 8:33,500 - 599 BLOCK OF 7TH STREET SE,400331,134906,6,6B,FIRST,107,26,,007000 1,7000,Precinct 90,1/4/2013 14:00,1/4/2013 16:00
13001433,1/4/2013 17:04,EVENING,BURGLARY,OTHERS,8/7/2015 8:32,500  - 699 BLOCK OF SOMERSET PLACE NW,398165,144310,4,4B,FOURTH,402,17,,001901 3,1901,Precinct 59,12/8/2012 15:00,1/4/2013 16:06
13001441,1/4/2013 16:52,EVENING,THEFT/OTHER,OTHERS,8/7/2015 8:32,500 - 503 BLOCK OF 12TH STREET SE,400846,134967,6,6B,FIRST,107,26,CAPITOL HILL,006900 1,6900,Precinct 91,1/4/2013 16:52,1/4/2013 16:52
